id,name,read,pattern,sequence,feature_type
CAR1,CAR1,R2,GGTGGCTCTAGA(BC)AATAGTTAACTC,CGAGCTGA,Custom
CAR2,CAR2,R2,GGTGGCTCTAGA(BC)AATAGTTAACTC,GGGGTAAC,Custom
CAR3,CAR3,R2,GGTGGCTCTAGA(BC)AATAGTTAACTC,GATTTCCT,Custom
CAR4,CAR4,R2,GGTGGCTCTAGA(BC)AATAGTTAACTC,ACGTGGGT,Custom
CAR5,CAR5,R2,GGTGGCTCTAGA(BC)AATAGTTAACTC,GGTTATTT,Custom
CAR6,CAR6,R2,GGTGGCTCTAGA(BC)AATAGTTAACTC,CTCACGTA,Custom
CAR7,CAR7,R2,GGTGGCTCTAGA(BC)AATAGTTAACTC,CCTGTCTC,Custom
CAR8,CAR8,R2,GGTGGCTCTAGA(BC)AATAGTTAACTC,GGTGCTTT,Custom
CAR9,CAR9,R2,GGTGGCTCTAGA(BC)AATAGTTAACTC,CCTTACTT,Custom
CAR10,CAR10,R2,GGTGGCTCTAGA(BC)AATAGTTAACTC,TAATGAGT,Custom
CAR11,CAR11,R2,GGTGGCTCTAGA(BC)AATAGTTAACTC,GTCACTCC,Custom
CAR12,CAR12,R2,GGTGGCTCTAGA(BC)AATAGTTAACTC,GTCGTCGT,Custom
CAR13,CAR13,R2,GGTGGCTCTAGA(BC)AATAGTTAACTC,CAGGTCAG,Custom
CAR14,CAR14,R2,GGTGGCTCTAGA(BC)AATAGTTAACTC,TGGCCTGG,Custom
CAR15,CAR15,R2,GGTGGCTCTAGA(BC)AATAGTTAACTC,GTTTCTTA,Custom
CAR16,CAR16,R2,GGTGGCTCTAGA(BC)AATAGTTAACTC,TGAACGTA,Custom
CAR17,CAR17,R2,GGTGGCTCTAGA(BC)AATAGTTAACTC,CTCTTATG,Custom
CAR18,CAR18,R2,GGTGGCTCTAGA(BC)AATAGTTAACTC,TGTATTTT,Custom
CAR19,CAR19,R2,GGTGGCTCTAGA(BC)AATAGTTAACTC,TTATAGTT,Custom
CAR20,CAR20,R2,GGTGGCTCTAGA(BC)AATAGTTAACTC,ACAATTGC,Custom
CAR21,CAR21,R2,GGTGGCTCTAGA(BC)AATAGTTAACTC,TTGATTTT,Custom
CAR22,CAR22,R2,GGTGGCTCTAGA(BC)AATAGTTAACTC,TGTAAGAT,Custom
CAR23,CAR23,R2,GGTGGCTCTAGA(BC)AATAGTTAACTC,TGCTTGGC,Custom
CAR24,CAR24,R2,GGTGGCTCTAGA(BC)AATAGTTAACTC,GCATATTT,Custom
CAR25,CAR25,R2,GGTGGCTCTAGA(BC)AATAGTTAACTC,GCGCGATC,Custom
CAR26,CAR26,R2,GGTGGCTCTAGA(BC)AATAGTTAACTC,CGAGATCA,Custom
CAR27,CAR27,R2,GGTGGCTCTAGA(BC)AATAGTTAACTC,GATTAAGG,Custom
CAR28,CAR28,R2,GGTGGCTCTAGA(BC)AATAGTTAACTC,AGATGACT,Custom
CAR29,CAR29,R2,GGTGGCTCTAGA(BC)AATAGTTAACTC,GATACTTT,Custom
CAR30,CAR30,R2,GGTGGCTCTAGA(BC)AATAGTTAACTC,TTTATCGG,Custom
CAR31,CAR31,R2,GGTGGCTCTAGA(BC)AATAGTTAACTC,AACATGCT,Custom
CAR32,CAR32,R2,GGTGGCTCTAGA(BC)AATAGTTAACTC,AGGGTATC,Custom
CAR33,CAR33,R2,GGTGGCTCTAGA(BC)AATAGTTAACTC,ATTTTTAG,Custom
CAR34,CAR34,R2,GGTGGCTCTAGA(BC)AATAGTTAACTC,TGCTCCGA,Custom
CAR35,CAR35,R2,GGTGGCTCTAGA(BC)AATAGTTAACTC,CACTATAG,Custom
CAR36,CAR36,R2,GGTGGCTCTAGA(BC)AATAGTTAACTC,TCTCATCC,Custom